{"initial_reset_timestamp": 1572535930.380565, "timestamps": [1572535931.3836503, 1572535931.7321408, 1572535931.797629, 1572535931.7985077, 1572535932.114001, 1572535932.2954366, 1572535932.540155, 1572535932.743961, 1572535933.3117168, 1572535933.6748376, 1572535933.9695182, 1572535934.4716375, 1572535934.8623285, 1572535935.1554995, 1572535935.5278175, 1572535936.2065654, 1572535936.6900656, 1572535937.463929, 1572535937.721219, 1572535937.9051151, 1572535938.2151053, 1572535938.7274878, 1572535939.6376126, 1572535940.3750248, 1572535940.6664891, 1572535941.0167596, 1572535941.4007049, 1572535941.7260108, 1572535942.793593, 1572535943.903589, 1572535944.2585137, 1572535944.6001706, 1572535945.9338434, 1572535946.5488644, 1572535947.7921114, 1572535949.9235954, 1572535950.414928, 1572535951.2576218, 1572535953.7748337, 1572535955.706946, 1572535958.4057276, 1572535958.8475065, 1572535961.0422566, 1572535961.818016, 1572535964.2130053, 1572535966.1911414, 1572535967.3828177, 1572535967.6469872, 1572535970.161953, 1572535972.7672646, 1572535974.8159597, 1572535976.8186853, 1572535979.0508769, 1572535982.0908656, 1572535984.7846558, 1572535988.1820576, 1572535991.3126328, 1572535994.3268664, 1572535997.1720014, 1572535999.079259, 1572535999.722009, 1572536000.7660437, 1572536002.5688076, 1572536004.7756853, 1572536008.8227775, 1572536010.8508825, 1572536012.7413669, 1572536014.8394992, 1572536017.560331, 1572536020.2260394, 1572536022.5080094, 1572536025.3659174, 1572536027.2110033, 1572536029.6040325, 1572536032.265644, 1572536034.525408, 1572536036.8441591, 1572536038.5000372, 1572536041.0641336, 1572536043.1969643, 1572536044.9453933, 1572536046.999601, 1572536048.6169455, 1572536050.6696398, 1572536051.161924, 1572536053.7524214, 1572536056.3370457, 1572536057.2240036, 1572536059.3321536, 1572536061.9730341, 1572536063.43378, 1572536064.593195, 1572536065.213864, 1572536066.9496992, 1572536069.0266025, 1572536071.7072873, 1572536074.3168044, 1572536076.532028, 1572536078.0491264, 1572536080.1528573, 1572536081.4750211, 1572536083.4392352, 1572536085.477393, 1572536087.8397527, 1572536090.513717, 1572536092.2934418, 1572536093.464326, 1572536095.9762332, 1572536098.1875436, 1572536099.649949, 1572536102.3593867, 1572536103.822104, 1572536105.6808126, 1572536107.3475215, 1572536109.4928725, 1572536112.13964, 1572536113.8514006, 1572536115.5916593, 1572536117.353402, 1572536118.8777664, 1572536120.6890159, 1572536122.1949198, 1572536124.5252674, 1572536126.3334122, 1572536127.7577991, 1572536130.0599308, 1572536130.6150668, 1572536132.825313, 1572536135.119861, 1572536137.9543068, 1572536139.9099133, 1572536141.2931383, 1572536142.8930688, 1572536145.71894, 1572536147.9248412, 1572536150.6534455, 1572536153.398248, 1572536155.6798036, 1572536157.9093082, 1572536159.2653966, 1572536161.9651034, 1572536163.332201, 1572536163.7052422, 1572536165.0871098, 1572536166.8530545, 1572536168.1406264, 1572536170.202292, 1572536173.048704, 1572536175.973679, 1572536177.8462567, 1572536180.362114, 1572536183.1137042, 1572536185.832932, 1572536188.535168, 1572536189.4741604, 1572536190.4879975, 1572536191.8714032, 1572536192.2175958, 1572536194.9370563, 1572536197.7626717, 1572536199.3354847, 1572536201.2424421, 1572536203.3520653, 1572536205.9698105, 1572536208.327941, 1572536211.0672355, 1572536212.9350462, 1572536215.6820033, 1572536217.7511568, 1572536220.5332932, 1572536223.2920632, 1572536226.1020024, 1572536229.0127418, 1572536231.910549, 1572536234.711488, 1572536236.8918266, 1572536237.4475155, 1572536240.182644, 1572536240.719835, 1572536242.708069, 1572536244.4687696, 1572536247.1795886, 1572536249.0252266, 1572536251.0542006, 1572536253.4670482, 1572536256.0800986, 1572536257.8445754, 1572536260.6857145, 1572536263.3976061, 1572536266.1206992, 1572536269.0128322, 1572536271.4528096, 1572536272.5661762, 1572536274.4856346, 1572536276.4525714, 1572536278.4695208, 1572536279.7000825, 1572536281.7267125, 1572536284.4455645, 1572536286.837011], "episode_lengths": [38, 17, 33, 19, 34, 14, 19, 15, 24, 24, 22, 38, 27, 17, 25, 46, 36, 57, 15, 13, 24, 41, 68, 56, 23, 27, 29, 13, 82, 86, 27, 26, 104, 47, 97, 164, 37, 65, 187, 126, 200, 35, 167, 56, 180, 137, 92, 18, 192, 200, 132, 148, 141, 200, 200, 200, 200, 199, 200, 146, 49, 79, 102, 153, 186, 148, 142, 160, 198, 194, 173, 200, 130, 174, 183, 155, 176, 127, 191, 161, 134, 154, 123, 158, 38, 200, 200, 69, 148, 200, 111, 89, 48, 123, 149, 199, 200, 164, 113, 157, 99, 148, 152, 176, 200, 127, 85, 186, 150, 106, 200, 109, 138, 128, 162, 192, 118, 125, 131, 113, 125, 106, 153, 124, 103, 107, 37, 161, 167, 200, 142, 97, 119, 200, 156, 200, 200, 166, 162, 100, 200, 101, 27, 100, 132, 93, 152, 200, 200, 135, 183, 200, 200, 200, 69, 75, 103, 25, 200, 200, 108, 130, 134, 176, 157, 200, 136, 200, 148, 200, 200, 200, 200, 200, 200, 155, 39, 193, 39, 140, 129, 200, 135, 147, 168, 184, 122, 200, 200, 200, 200, 166, 83, 134, 138, 150, 87, 150, 200, 177], "episode_rewards": [38.0, 17.0, 33.0, 19.0, 34.0, 14.0, 19.0, 15.0, 24.0, 24.0, 22.0, 38.0, 27.0, 17.0, 25.0, 46.0, 36.0, 57.0, 15.0, 13.0, 24.0, 41.0, 68.0, 56.0, 23.0, 27.0, 29.0, 13.0, 82.0, 86.0, 27.0, 26.0, 104.0, 47.0, 97.0, 164.0, 37.0, 65.0, 187.0, 126.0, 200.0, 35.0, 167.0, 56.0, 180.0, 137.0, 92.0, 18.0, 192.0, 200.0, 132.0, 148.0, 141.0, 200.0, 200.0, 200.0, 200.0, 199.0, 200.0, 146.0, 49.0, 79.0, 102.0, 153.0, 186.0, 148.0, 142.0, 160.0, 198.0, 194.0, 173.0, 200.0, 130.0, 174.0, 183.0, 155.0, 176.0, 127.0, 191.0, 161.0, 134.0, 154.0, 123.0, 158.0, 38.0, 200.0, 200.0, 69.0, 148.0, 200.0, 111.0, 89.0, 48.0, 123.0, 149.0, 199.0, 200.0, 164.0, 113.0, 157.0, 99.0, 148.0, 152.0, 176.0, 200.0, 127.0, 85.0, 186.0, 150.0, 106.0, 200.0, 109.0, 138.0, 128.0, 162.0, 192.0, 118.0, 125.0, 131.0, 113.0, 125.0, 106.0, 153.0, 124.0, 103.0, 107.0, 37.0, 161.0, 167.0, 200.0, 142.0, 97.0, 119.0, 200.0, 156.0, 200.0, 200.0, 166.0, 162.0, 100.0, 200.0, 101.0, 27.0, 100.0, 132.0, 93.0, 152.0, 200.0, 200.0, 135.0, 183.0, 200.0, 200.0, 200.0, 69.0, 75.0, 103.0, 25.0, 200.0, 200.0, 108.0, 130.0, 134.0, 176.0, 157.0, 200.0, 136.0, 200.0, 148.0, 200.0, 200.0, 200.0, 200.0, 200.0, 200.0, 155.0, 39.0, 193.0, 39.0, 140.0, 129.0, 200.0, 135.0, 147.0, 168.0, 184.0, 122.0, 200.0, 200.0, 200.0, 200.0, 166.0, 83.0, 134.0, 138.0, 150.0, 87.0, 150.0, 200.0, 177.0], "episode_types": ["t", "t", "t", "t", "t", "t", "t", "t", "t", "t", "t", "t", "t", "t", "t", "t", "t", "t", "t", "t", "t", "t", "t", "t", "t", "t", "t", "t", "t", "t", "t", "t", "t", "t", "t", "t", "t", "t", "t", "t", "t", "t", "t", "t", "t", "t", "t", "t", "t", "t", "t", "t", "t", "t", "t", "t", "t", "t", "t", "t", "t", "t", "t", "t", "t", "t", "t", "t", "t", "t", "t", "t", "t", "t", "t", "t", "t", "t", "t", "t", "t", "t", "t", "t", "t", "t", "t", "t", "t", "t", "t", "t", "t", "t", "t", "t", "t", "t", "t", "t", "t", "t", "t", "t", "t", "t", "t", "t", "t", "t", "t", "t", "t", "t", "t", "t", "t", "t", "t", "t", "t", "t", "t", "t", "t", "t", "t", "t", "t", "t", "t", "t", "t", "t", "t", "t", "t", "t", "t", "t", "t", "t", "t", "t", "t", "t", "t", "t", "t", "t", "t", "t", "t", "t", "t", "t", "t", "t", "t", "t", "t", "t", "t", "t", "t", "t", "t", "t", "t", "t", "t", "t", "t", "t", "t", "t", "t", "t", "t", "t", "t", "t", "t", "t", "t", "t", "t", "t", "t", "t", "t", "t", "t", "t", "t", "t", "t", "t", "t", "t"]}