{"initial_reset_timestamp": 1572534733.2441, "timestamps": [1572534734.6499403, 1572534735.4341636, 1572534735.702905, 1572534736.1691635, 1572534736.6953285, 1572534737.0689795, 1572534737.241385, 1572534737.4145896, 1572534737.9096994, 1572534738.4540236, 1572534738.8879244, 1572534739.122475, 1572534739.7392638, 1572534740.12274, 1572534740.3728032, 1572534740.790462, 1572534740.9738235, 1572534741.2171302, 1572534741.4448736, 1572534741.7588003, 1572534742.4092362, 1572534742.9785874, 1572534743.2425747, 1572534743.5261936, 1572534744.2618363, 1572534744.443947, 1572534744.7128968, 1572534745.1806748, 1572534745.6284482, 1572534746.161723, 1572534746.5306263, 1572534746.7635531, 1572534747.0984402, 1572534748.4820938, 1572534748.8401456, 1572534750.2675955, 1572534751.5348895, 1572534753.1163774, 1572534753.3095338, 1572534754.1059275, 1572534755.3559759, 1572534756.810537, 1572534757.3006792, 1572534760.4963639, 1572534763.8820214, 1572534764.2592216, 1572534767.9474218, 1572534770.9565208, 1572534774.2906666, 1572534777.8323755, 1572534780.4673579, 1572534782.770386, 1572534784.6248996, 1572534787.9606068, 1572534791.0801218, 1572534794.4157517, 1572534797.7542515, 1572534798.8019004, 1572534799.9398293, 1572534801.076643, 1572534802.8260756, 1572534805.530899, 1572534808.8663518, 1572534811.8995123, 1572534818.6125088, 1572534821.9809666, 1572534823.86647, 1572534827.2033718, 1572534830.540326, 1572534833.009534, 1572534836.0632787, 1572534839.1332562, 1572534842.3205798, 1572534845.6572254, 1572534848.5602014, 1572534851.5303516, 1572534854.8994412, 1572534858.2233653, 1572534861.5583596, 1572534865.062413, 1572534867.6985753, 1572534871.5885003, 1572534874.5568097, 1572534877.895102, 1572534880.5961008, 1572534883.9353168, 1572534887.269832, 1572534890.5740395, 1572534891.9416246, 1572534895.2789748, 1572534898.6159937, 1572534901.4859128, 1572534903.9886465, 1572534907.009484, 1572534909.4449973, 1572534912.0142438, 1572534915.366819, 1572534918.108335, 1572534921.7990496, 1572534923.9602535, 1572534926.0629392, 1572534928.8491428, 1572534929.334097, 1572534931.3350856, 1572534934.672928, 1572534938.02618, 1572534941.3803325, 1572534944.742539, 1572534948.054004, 1572534951.3913255, 1572534951.7914116, 1572534953.4603825, 1572534956.7967677, 1572534960.134161, 1572534963.4714944, 1572534965.5738876, 1572534967.7077808, 1572534969.6116147, 1572534972.4646928, 1572534975.8034928, 1572534979.138642, 1572534982.4753578, 1572534985.8128011, 1572534987.9673505, 1572534988.5487545, 1572534995.242166, 1572534998.6098647, 1572535000.5792139, 1572535003.9163134, 1572535007.2529275, 1572535010.5900064, 1572535013.9270353, 1572535017.2643743, 1572535020.6009524, 1572535023.937884, 1572535027.2755458, 1572535030.612384, 1572535033.181535, 1572535036.5190923, 1572535039.8560255, 1572535042.876067, 1572535044.4467354, 1572535047.5141294, 1572535050.851673, 1572535053.7209198, 1572535054.9394934, 1572535058.2763555, 1572535061.6129706, 1572535064.3998606, 1572535067.7879608, 1572535071.1072845, 1572535074.1606545, 1572535077.497193, 1572535079.9003966, 1572535082.1194701, 1572535085.4564326, 1572535088.7928174, 1572535089.0439527, 1572535092.3805637, 1572535095.7172582, 1572535098.1367977, 1572535101.4737864, 1572535103.5598776, 1572535106.6800036, 1572535110.0170531, 1572535113.35414, 1572535116.6906242, 1572535120.0281143, 1572535123.3652656, 1572535126.701686, 1572535128.671036, 1572535132.0078795, 1572535135.0608857, 1572535135.44486, 1572535138.7819817, 1572535142.1192968, 1572535145.4560502, 1572535148.208943, 1572535151.1125255, 1572535153.648663, 1572535155.600814, 1572535158.9414074, 1572535161.5240963, 1572535163.893488, 1572535166.529028, 1572535168.1311488, 1572535171.4685602, 1572535174.8050582, 1572535177.074069, 1572535177.3253584, 1572535179.5768533, 1572535182.914158, 1572535185.1166825, 1572535188.4535384, 1572535191.7908127, 1572535195.0103858, 1572535198.181484, 1572535199.4153712, 1572535201.0673902, 1572535204.404776], "episode_lengths": [32, 21, 11, 29, 29, 24, 10, 10, 13, 27, 26, 14, 37, 23, 15, 25, 11, 14, 14, 19, 39, 34, 16, 17, 44, 11, 16, 13, 23, 23, 23, 14, 20, 83, 19, 79, 76, 92, 10, 49, 75, 82, 27, 192, 179, 21, 200, 169, 200, 200, 158, 138, 110, 200, 187, 200, 200, 62, 69, 68, 105, 162, 200, 181, 200, 200, 113, 200, 200, 148, 183, 184, 191, 200, 174, 178, 198, 200, 200, 200, 148, 200, 173, 200, 162, 200, 200, 198, 82, 200, 200, 172, 150, 172, 147, 154, 200, 156, 200, 126, 126, 134, 29, 120, 200, 200, 200, 200, 200, 200, 24, 100, 200, 200, 200, 126, 128, 114, 171, 200, 200, 200, 200, 129, 35, 200, 200, 118, 200, 200, 200, 200, 200, 200, 200, 200, 200, 154, 200, 200, 181, 94, 184, 200, 172, 73, 200, 200, 167, 200, 200, 183, 200, 144, 133, 200, 200, 15, 200, 200, 145, 200, 125, 187, 200, 200, 200, 200, 200, 200, 118, 200, 183, 23, 200, 200, 200, 165, 174, 152, 117, 200, 155, 142, 158, 96, 200, 200, 136, 15, 135, 200, 132, 200, 200, 193, 190, 74, 99, 200], "episode_rewards": [32.0, 21.0, 11.0, 29.0, 29.0, 24.0, 10.0, 10.0, 13.0, 27.0, 26.0, 14.0, 37.0, 23.0, 15.0, 25.0, 11.0, 14.0, 14.0, 19.0, 39.0, 34.0, 16.0, 17.0, 44.0, 11.0, 16.0, 13.0, 23.0, 23.0, 23.0, 14.0, 20.0, 83.0, 19.0, 79.0, 76.0, 92.0, 10.0, 49.0, 75.0, 82.0, 27.0, 192.0, 179.0, 21.0, 200.0, 169.0, 200.0, 200.0, 158.0, 138.0, 110.0, 200.0, 187.0, 200.0, 200.0, 62.0, 69.0, 68.0, 105.0, 162.0, 200.0, 181.0, 200.0, 200.0, 113.0, 200.0, 200.0, 148.0, 183.0, 184.0, 191.0, 200.0, 174.0, 178.0, 198.0, 200.0, 200.0, 200.0, 148.0, 200.0, 173.0, 200.0, 162.0, 200.0, 200.0, 198.0, 82.0, 200.0, 200.0, 172.0, 150.0, 172.0, 147.0, 154.0, 200.0, 156.0, 200.0, 126.0, 126.0, 134.0, 29.0, 120.0, 200.0, 200.0, 200.0, 200.0, 200.0, 200.0, 24.0, 100.0, 200.0, 200.0, 200.0, 126.0, 128.0, 114.0, 171.0, 200.0, 200.0, 200.0, 200.0, 129.0, 35.0, 200.0, 200.0, 118.0, 200.0, 200.0, 200.0, 200.0, 200.0, 200.0, 200.0, 200.0, 200.0, 154.0, 200.0, 200.0, 181.0, 94.0, 184.0, 200.0, 172.0, 73.0, 200.0, 200.0, 167.0, 200.0, 200.0, 183.0, 200.0, 144.0, 133.0, 200.0, 200.0, 15.0, 200.0, 200.0, 145.0, 200.0, 125.0, 187.0, 200.0, 200.0, 200.0, 200.0, 200.0, 200.0, 118.0, 200.0, 183.0, 23.0, 200.0, 200.0, 200.0, 165.0, 174.0, 152.0, 117.0, 200.0, 155.0, 142.0, 158.0, 96.0, 200.0, 200.0, 136.0, 15.0, 135.0, 200.0, 132.0, 200.0, 200.0, 193.0, 190.0, 74.0, 99.0, 200.0], "episode_types": ["t", "t", "t", "t", "t", "t", "t", "t", "t", "t", "t", "t", "t", "t", "t", "t", "t", "t", "t", "t", "t", "t", "t", "t", "t", "t", "t", "t", "t", "t", "t", "t", "t", "t", "t", "t", "t", "t", "t", "t", "t", "t", "t", "t", "t", "t", "t", "t", "t", "t", "t", "t", "t", "t", "t", "t", "t", "t", "t", "t", "t", "t", "t", "t", "t", "t", "t", "t", "t", "t", "t", "t", "t", "t", "t", "t", "t", "t", "t", "t", "t", "t", "t", "t", "t", "t", "t", "t", "t", "t", "t", "t", "t", "t", "t", "t", "t", "t", "t", "t", "t", "t", "t", "t", "t", "t", "t", "t", "t", "t", "t", "t", "t", "t", "t", "t", "t", "t", "t", "t", "t", "t", "t", "t", "t", "t", "t", "t", "t", "t", "t", "t", "t", "t", "t", "t", "t", "t", "t", "t", "t", "t", "t", "t", "t", "t", "t", "t", "t", "t", "t", "t", "t", "t", "t", "t", "t", "t", "t", "t", "t", "t", "t", "t", "t", "t", "t", "t", "t", "t", "t", "t", "t", "t", "t", "t", "t", "t", "t", "t", "t", "t", "t", "t", "t", "t", "t", "t", "t", "t", "t", "t", "t", "t", "t", "t", "t", "t", "t", "t"]}